{"learning_rate_init": 0.25883548603952555, "hidden_layer_sizes": [136, 93, 98], "power_t": 0.42501116147660745, "momentum": 0.8917316408234457, "alpha": 0.00016979508485447922}