{"learning_rate_init": 0.21584917921503383, "hidden_layer_sizes": [101], "power_t": 0.41080897923358384, "momentum": 0.9236550376958815, "alpha": 0.0001405107055726119}