{"learning_rate_init": 0.27551512370516773, "hidden_layer_sizes": [102], "power_t": 0.41260592562856574, "momentum": 0.9174697379652184}